<?xml version="1.0" encoding="UTF-8"?>
<beans xmlns="http://www.springframework.org/schema/beans"
       xmlns:xsi="http://www.w3.org/2001/XMLSchema-instance"
       xmlns:jee="http://www.springframework.org/schema/jee"
       xmlns:tx="http://www.springframework.org/schema/tx"
       xmlns:context="http://www.springframework.org/schema/context"
       xmlns:mvc="http://www.springframework.org/schema/mvc" 
       xmlns:jpa="http://www.springframework.org/schema/data/jpa"
       xsi:schemaLocation="http://www.springframework.org/schema/beans http://www.springframework.org/schema/beans/spring-beans-4.0.xsd
           http://www.springframework.org/schema/data/jpa http://www.springframework.org/schema/data/jpa/spring-jpa-1.0.xsd
           http://www.springframework.org/schema/tx http://www.springframework.org/schema/tx/spring-tx-4.0.xsd
           http://www.springframework.org/schema/mvc http://www.springframework.org/schema/mvc/spring-mvc-4.0.xsd
           http://www.springframework.org/schema/jee http://www.springframework.org/schema/jee/spring-jee-3.0.xsd
           http://www.springframework.org/schema/context http://www.springframework.org/schema/context/spring-context.xsd">
          
 <context:component-scan base-package="com.niit.controller"/>
 <context:component-scan base-package="com.niit.model"/>
 <context:component-scan base-package="com.niit.dao"/>
 <mvc:annotation-driven />

 <bean id="dataSource"
  class="org.apache.commons.dbcp.BasicDataSource">
  <property name="driverClassName" value="org.h2.Driver" />
  <property name="url" value="jdbc:h2:tcp://localhost/~/test" />
  <property name="username" value="sa" />
  <property name="password" value="" />
 </bean>

 <bean id="sessionFactory"
  class="org.springframework.orm.hibernate4.LocalSessionFactoryBean">
  <property name="dataSource" ref="dataSource" />
  <property name="packagesToScan">  
            <list>  
                <value>com.niit</value>  
            </list>  
        </property> 
  <property name="hibernateProperties">
   <props>
    <prop key="hibernate.dialect">org.hibernate.dialect.H2Dialect</prop>
    <prop key="hibernate.show_sql">true</prop>
    <prop key="hibernate.hbm2ddl.auto">update</prop>
   </props>
  </property>
 </bean>

 <bean id="txManager"
  class="org.springframework.orm.hibernate4.HibernateTransactionManager">
  <property name="sessionFactory" ref="sessionFactory" />
 </bean>

 <bean id="persistenceExceptionTranslationPostProcessor"
  class="org.springframework.dao.annotation.PersistenceExceptionTranslationPostProcessor" />
  

</beans>
